Student_ID,Name,Gender,Age,Study_Hours,Attendance,Math_Score,Science_Score,English_Score,Assignments_Completed,Sleep_Hours
1001,Aarav,Male,16,3.5,92,85,88,81,9,7.5
1002,Ananya,Female,17,5.0,96,94,91,89,10,8.0
1003,Rohan,Male,16,2.0,78,68,72,65,7,6.0
1004,Priya,Female,17,4.5,91,88,84,90,9,7.0
1005,Arjun,Male,16,1.5,72,55,61,58,5,5.5
1006,Meera,Female,16,6.0,98,96,95,93,10,8.5
1007,Karan,Male,17,3.0,85,76,79,74,8,6.5
1008,Simran,Female,16,4.0,89,82,86,88,9,7.5
1009,Rahul,Male,17,2.5,81,70,68,72,6,6.0
1010,Ishita,Female,17,5.5,95,91,94,92,10,8.0
1011,Dev,Male,16,3.5,87,80,77,79,8,7.0
1012,Neha,Female,16,4.5,93,86,89,91,9,7.5
1013,Aditya,Male,17,2.0,76,63,67,60,6,5.5
1014,Riya,Female,17,5.0,97,92,90,95,10,8.5
1015,Varun,Male,16,3.0,83,74,76,71,7,6.5
1016,Kavya,Female,16,4.0,90,84,87,86,9,7.0
1017,Manish,Male,17,1.0,68,49,54,51,4,5.0
1018,Sneha,Female,16,5.5,96,93,92,94,10,8.0
1019,Akash,Male,17,2.5,79,66,70,64,6,6.0
1020,Pooja,Female,17,4.5,92,89,85,90,9,7.5
1021,Vivek,Male,16,3.5,86,78,81,75,8,6.5
1022,Nandini,Female,16,6.0,99,97,96,95,10,9.0
1023,Sachin,Male,17,2.0,74,58,63,59,5,5.5
1024,Diya,Female,17,5.0,94,90,93,91,10,8.0
1025,Raj,Male,16,3.0,82,71,75,69,7,6.5
1026,Muskan,Female,16,4.5,91,87,88,89,9,7.5
1027,Harsh,Male,17,1.5,70,52,57,55,5,5.0
1028,Tanya,Female,17,5.5,98,95,94,96,10,8.5
1029,Nikhil,Male,16,2.5,80,69,71,67,6,6.0
1030,Shreya,Female,16,4.0,88,81,84,85,8,7.0
1031,Yash,Male,17,3.5,84,77,73,76,8,6.5
1032,Komal,Female,17,5.0,95,91,89,93,10,8.0
1033,Ankit,Male,16,2.0,75,61,65,62,6,5.5
1034,Palak,Female,16,4.5,93,88,90,87,9,7.5
1035,Deepak,Male,17,3.0,81,73,76,70,7,6.0
1036,Ayesha,Female,17,5.5,97,94,95,92,10,8.5
1037,Mohit,Male,16,1.5,69,51,56,53,4,5.0
1038,Khushi,Female,16,4.0,90,85,82,88,9,7.0
1039,Sameer,Male,17,2.5,77,64,68,66,6,6.0
1040,Payal,Female,17,5.0,96,92,91,94,10,8.0
1041,Abhishek,Male,16,3.5,85,79,80,77,8,6.5
1042,Sakshi,Female,16,4.5,92,87,89,90,9,7.5
1043,Ravi,Male,17,2.0,73,57,62,58,5,5.5
1044,Simran,Female,17,5.5,98,96,94,97,10,8.5
1045,Manav,Male,16,3.0,83,72,78,73,7,6.5
1046,Isha,Female,16,4.0,89,83,86,84,8,7.0
1047,Sumit,Male,17,1.5,71,54,59,52,5,5.0
1048,Anushka,Female,17,5.0,95,90,92,91,10,8.0
1049,Varun,Male,16,2.5,79,67,69,65,6,6.0
1050,Anjali,Female,16,4.5,93,89,91,90,9,7.5
1049,Varun,Male,16,2.5,79,67,69,65,6,6.0
1050,Anjali,Female,16,4.5,93,89,91,90,9,7.5